chrom	start	end	pas	score	strand	polyAsite_exon_idx	nr_polyAsites_on_exon	exon	gene	GSM1705375	GSM1705377
21	26835737	26835778	21:26835756:-	8	-	2	2	ENST00000284984:9:9:26835747:26838278	ENST00000284984	3810.7335659999994	0.0
21	26836399	26836442	21:26836412:-	9	-	1	2	ENST00000284984:9:9:26835747:26838278	ENST00000284984	100095.268339	66711.326969
21	43772504	43772517	21:43772514:-	6	-	2	2	ENST00000291568:3:3:43772512:43774330	ENST00000291568	635.122261	3182.046558
21	43773935	43773983	21:43773951:-	10	-	1	2	ENST00000291568:3:3:43772512:43774330	ENST00000291568	242870.75261999998	238876.79339
21	44768579	44768589	21:44768581:-	4	-	2	2	ENST00000345496:6:6:44768580:44771489	ENST00000345496	0.0	3126.22118
21	44769083	44769142	21:44769112:-	8	-	1	2	ENST00000345496:6:6:44768580:44771489	ENST00000345496	80787.551604	57723.441075999996
